CREATE TABLE REGIONS (
REGION_ID NUMERIC(5,0),
REGION_NAME VARCHAR(25),
PRIMARY KEY(REGION_ID)
);

CREATE TABLE COUNTRIES(
COUNTRY_ID VARCHAR(2),
COUNTRY_NAME VARCHAR(40),
REGION_ID NUMERIC(5,0),
PRIMARY KEY(COUNTRY_ID),
FOREIGN KEY (REGION_ID) REFERENCES REGIONS(REGION_ID)
);

CREATE TABLE LOCATIONS(
LOCATION_ID NUMERIC(5,0),
STREET_ADDRESS VARCHAR(25),
POSTAL_CODE VARCHAR(12),
CITY VARCHAR(30),
STATE_PROVINCE VARCHAR(30),
COUNTRY_ID VARCHAR(2),
PRIMARY KEY (LOCATION_ID),
FOREIGN KEY (COUNTRY_ID) REFERENCES COUNTRIES (COUNTRY_ID)
);

CREATE TABLE DEPARTMENTS(
DEPARTMENT_ID NUMERIC(5,0),
DEPARTMENT_NAME VARCHAR(30),
MANAGER_ID NUMERIC(5,0),
LOCATION_ID NUMERIC(5,0),
PRIMARY KEY (DEPARTMENT_ID),
FOREIGN KEY (LOCATION_ID) REFERENCES LOCATIONS (LOCATION_ID)
);

CREATE TABLE JOBS(
JOB_ID VARCHAR(10),
JOB_TITLE VARCHAR(35),
MIN_SALARY NUMERIC(7,2),
MAX_SALARY NUMERIC(7,2),
PRIMARY KEY (JOB_ID)
);
CREATE TABLE JOB_HISTORY (
EMPLOYEE_ID NUMERIC(5,0),
START_DATE DATE,
END_DATE DATE,
JOB_ID VARCHAR(10),
DEPARTMENT_ID NUMERIC(5,0),
PRIMARY KEY (START_DATE),
FOREIGN KEY (DEPARTMENT_ID) REFERENCES DEPARTMENTS (DEPARTMENT_ID),
FOREIGN KEY (JOB_ID) REFERENCES JOBS (JOB_ID),
FOREIGN KEY (EMPLOYEE_ID) REFERENCES EMPLOYEES (EMPLOYEE_ID)
);

CREATE TABLE EMPLOYEES(
EMPLOYEE_ID NUMERIC(5,0),
FIRST_NAME VARCHAR(20),
LAST_NAME VARCHAR(25),
EMAIL VARCHAR(20),
PHONE_NUMBER VARCHAR (20),
HIRE_DATE DATE,
JOB_ID VARCHAR(10),
SALARY NUMERIC(7, 2),
COMMISION_PCT NUMERIC(5,2),
MANAGER_ID NUMERIC(5,0),
DEPARTMENT_ID NUMERIC(5,0),
PRIMARY KEY (EMPLOYEE_ID),
FOREIGN KEY (DEPARTMENT_ID) REFERENCES DEPARTMENTS (DEPARTMENT_ID),
FOREIGN KEY (JOB_ID) REFERENCES JOBS (JOB_ID)
);

INSERT INTO REGIONS VALUES (1, 'Europe');
INSERT INTO REGIONS VALUES (2, 'America');
INSERT INTO REGIONS VALUES (3, 'Asia');

INSERT INTO COUNTRIES VALUES ('DE', 'Germany', 1);
INSERT INTO COUNTRIES VALUES ('IT', 'Italy', 1);
INSERT INTO COUNTRIES VALUES ('JP', 'Japan', 3);
INSERT INTO COUNTRIES VALUES ('US', 'United States', 2);

INSERT INTO LOCATIONS VALUES (1000, '1297 Via Cola di Rie', 989, 'Roma', null, 'IT');
INSERT INTO LOCATIONS VALUES (1100, '93091 Calle della Te', 10934, 'Venice', null, 'IT');
INSERT INTO LOCATIONS VALUES (1200, '2017 Shinjuku-ku', 1689, 'Tokyo', 'Tokyo Prefecture', 'JP');
INSERT INTO LOCATIONS VALUES (1400, '2014 Jabberwocky Rd', 26192, 'Southlake', 'Texax', 'US');

INSERT INTO DEPARTMENTS VALUES (10, 'Administration', 200, 1100);
INSERT INTO DEPARTMENTS VALUES (20, 'Marketing', 201, 1200);
INSERT INTO DEPARTMENTS VALUES (30, 'Purchasing', 202, 1400);

INSERT INTO JOB_HISTORY VALUES (102, '1993-01-13', '1998-07-24', 'IT_PROG', 20);
INSERT INTO JOB_HISTORY VALUES (101, '1989-09-21', '1993-10-27', 'AC_ACCOUNT', 10);
INSERT INTO JOB_HISTORY VALUES (101, '1993-10-28', '1997-03-15', 'AC_MGR', 30);
INSERT INTO JOB_HISTORY VALUES (100, '1996-02-17', '1999-12-19', 'MK_REP', 30);
INSERT INTO JOB_HISTORY VALUES (103, '1998-03-24', '1999-12-31', 'ST_CLERK', 20);

INSERT INTO JOBS VALUES ('ST_CLERK', 'Standard Clerk', 15000.00, 26000.00);
INSERT INTO JOBS VALUES ('MK_REP', 'Marketing Representative', 16000.00, 30000.00);
INSERT INTO JOBS VALUES ('AC_ACCOUNT', 'Accountant', 17000.00, 28000.00);

INSERT INTO EMPLOYEES VALUES (100, 'Steven', 'King', 'SKING', '515-1234567', '1987-06-17', 'ST_CLERK', 24000.00, 0.00, 109, 10);
INSERT INTO EMPLOYEES VALUES (101, 'Neena', 'Kochhar', 'NKOCHHAR', '515-1234568', '1987-06-18', 'MK_REP', 17000.00, 0.00, 103, 20);
INSERT INTO EMPLOYEES VALUES (102, 'Lex', 'De Haan', 'LDEHAAN', '515-1234569', '1987-06-19', 'AC_ACCOUNT', 17000.00, 0.00, 108, 30);
INSERT INTO EMPLOYEES VALUES (103, 'Alexander', 'Hunold', 'AHUNOLD', '590-4234567', '1987-06-20', 'MK_REP', 9000.00, 0.00, 105, 20);


DROP TABLE JOB_HISTORY;
DROP TABLE EMPLOYEES;
DROP TABLE JOBS;
DROP TABLE DEPARTMENTS;
DROP TABLE LOCATIONS;
DROP TABLE COUNTRIES;
DROP TABLE REGIONS;